Batsman,BattingAverage_match4
1,20.125
2,25.58823529
3,36.9
4,3
5,19.16666667
6,108
7,5.125
8,18.55555556
9,17
10,11
11,0.5
